Group A,,,,,Group B,,,,,Group C,,,,,Group D,,,,,Group E,,,,,Group F,,,,,Group G,,,,,Group H,,,,
Team,Total Minutes,Dim Minutes,Average Total Minutes,Average Dim Minutes,Team,Total Minutes,Dim Minutes,Average Total Minutes,Average Dim Minutes,Team,Total Minutes,Dim Minutes,Average Total Minutes,Average Dim Minutes,Team,Total Minutes,Dim Minutes,Average Total Minutes,Average Dim Minutes,Team,Total Minutes,Dim Minutes,Average Total Minutes,Average Dim Minutes,Team,Total Minutes,Dim Minutes,Average Total Minutes,Average Dim Minutes,Team,Total Minutes,Dim Minutes,Average Total Minutes,Average Dim Minutes,Team,Total Minutes,Dim Minutes,Average Total Minutes,Average Dim Minutes
Qatar,303128,103468,11658.76923,3979.538462,England,344435,127588,13247.5,4907.230769,Mexico,380302,150381,14627,5783.884615,Denmark,254925,97754,9804.807692,3759.769231,Germany,417692,151562,16065.07692,5829.307692,Belgium,386820,105448,14877.69231,4055.692308,Switzerland,366774,120417,14106.69231,4631.423077,Portugal,321200,109550,12353.84615,4213.461538
Netherlands,237140,100107,9120.769231,3850.269231,Wales,257212,101313,9892.769231,3896.653846,Argentina,236684,111168,9103.230769,4275.692308,France,267270,96422,10690.8,3856.88,Spain,239441,117359,9209.269231,4513.807692,Canada,168529,89832,6481.884615,3455.076923,Brazil,328847,117771,12647.96154,4529.653846,Uruguay,246111,78940,9465.807692,3036.153846
Ecuador,139936,76400,5382.153846,2938.461538,United States,128677,60562,4949.115385,2329.307692,Saudi Arabia,131538,63615,5059.153846,2446.730769,Tunisia,172560,78871,6636.923077,3033.5,Japan,202689,86093,7795.730769,3311.269231,Croatia,208285,87053,8010.961538,3348.192308,Serbia,180288,80216,6934.153846,3085.230769,South Korea,175776,74249,6760.615385,2855.730769
Senegal,110696,56312,4257.538462,2165.846154,Iran,171680,47835,6867.2,1913.4,Poland,164626,52209,6331.769231,2008.038462,Australia,118407,51464,4554.115385,1979.384615,Costa Rica,168104,60350,6465.538462,2321.153846,Morocco,92393,45044,3553.576923,1732.461538,Cameroon,57048,29440,2194.153846,1132.307692,Ghana,52391,25418,2015.038462,977.6153846